0,1,2,3,4,counts
victorious.com,,,,,1
victorious.com,awards,,,,1
victorious.com,blog,,,,1
victorious.com,blog,10-essential-google-ranking-factors,,,1
victorious.com,blog,301-redirects,,,1
victorious.com,blog,404-seo,,,1
victorious.com,blog,5-best-free-seo-tools-small-businesses,,,1
victorious.com,blog,5-reasons-blogging-bi-weekly-part-seo-best-practices,,,1
victorious.com,blog,5-reasons-political-seo-matters-campaign-marketing,,,1
victorious.com,blog,8-marketing-ideas-for-software-startups,,,1
victorious.com,blog,9-fixes-keyword-rankings,,,1
victorious.com,blog,add-users-to-google-analytics,,,1
victorious.com,blog,agency-of-the-year-finalist-2018,,,1
victorious.com,blog,agency-of-the-year-winner-2018,,,1
victorious.com,blog,ai-future-of-search,,,1
victorious.com,blog,ai-in-seo,,,1
victorious.com,blog,alt-text,,,1
victorious.com,blog,average-conversion-rate,,,1
victorious.com,blog,b2b-seo,,,1
victorious.com,blog,bad-links,,,1
victorious.com,blog,best-agency-2022,,,1
victorious.com,blog,best-practices-blogging,,,1
victorious.com,blog,best-seo-chrome-extensions,,,1
victorious.com,blog,best-wordpress-seo-plugin,,,1
victorious.com,blog,best-writing-prompts-chatgpt,,,1
victorious.com,blog,bing-seo,,,1
victorious.com,blog,blog-features,,,1
victorious.com,blog,blog-or-vlog,,,1
victorious.com,blog,blog-outlines,,,1
victorious.com,blog,blog-post-template,,,1
victorious.com,blog,blogging-for-ecommerce,,,1
victorious.com,blog,blogging-tips-5-things-not-to-do,,,1
victorious.com,blog,broken-link-building,,,1
victorious.com,blog,calculate-customer-lifetime-value,,,1
victorious.com,blog,cannabis-seo,,,1
victorious.com,blog,chatgpt-for-creation,,,1
victorious.com,blog,choosing-a-cms,,,1
victorious.com,blog,clickstream-data,,,1
victorious.com,blog,clutch-market-leader-2018,,,1
victorious.com,blog,com-vs-net-seo,,,1
victorious.com,blog,common-seo-mistakes,,,1
victorious.com,blog,competitive-keyword-analysis,,,1
victorious.com,blog,connect-search-console-to-analytics,,,1
victorious.com,blog,content-audit,,,1
victorious.com,blog,content-brief,,,1
victorious.com,blog,content-marketing-tips,,,1
victorious.com,blog,content-optimization,,,1
victorious.com,blog,content-pillars,,,1
victorious.com,blog,content-pruning,,,1
victorious.com,blog,content-research-improves-seo,,,1
victorious.com,blog,conversion-rate-optimization-forgotten-seo-best-practice,,,1
victorious.com,blog,cookieless-world,,,1
victorious.com,blog,covid-seo,,,1
victorious.com,blog,crawl-budget-optimization,,,1
victorious.com,blog,customer-journey,,,1
victorious.com,blog,difference-between-seo-and-sem,,,1
victorious.com,blog,direct-traffic,,,1
victorious.com,blog,dispensary-digital-marketing,,,1
victorious.com,blog,dispensary-marketing-ideas,,,1
victorious.com,blog,does-google-index-subdomains,,,1
victorious.com,blog,does-responding-to-reviews-help-seo,,,1
victorious.com,blog,dofollow-vs-nofollow-links,,,1
victorious.com,blog,domain-authority,,,1
victorious.com,blog,dont-stop-seo,,,1
victorious.com,blog,ecommerce-seo-tools,,,1
victorious.com,blog,enterprise-seo,,,1
victorious.com,blog,enterprise-seo-audit,,,1
victorious.com,blog,enterprise-seo-content-strategy,,,1
victorious.com,blog,enterprise-seo-metrics,,,1
victorious.com,blog,enterprise-seo-tools,,,1
victorious.com,blog,essential-seo-strategies-for-ecommerce-content-marketing,,,1
victorious.com,blog,everything-you-need-to-know-about-search-intent-optimization,,,1
victorious.com,blog,five-seo-tips-that-capture-holiday-attention-and-boost-sales,,,1
victorious.com,blog,focus-keyphrase,,,1
victorious.com,blog,ga4-faqs,,,1
victorious.com,blog,ga4-reports-seo,,,1
victorious.com,blog,ga4-vs-universal-analytics,,,1
victorious.com,blog,generic-anchor-texts-strengthen-seo,,,1
victorious.com,blog,get-your-core-web-vitals-ready-for-googles-algorithm-update,,,1
victorious.com,blog,global-agency-awards-finalist,,,1
victorious.com,blog,gmb-insights,,,1
victorious.com,blog,google-algorithm-updates,,,1
victorious.com,blog,google-analytics-keyword-not-provided,,,1
victorious.com,blog,google-analytics-starter-guide,,,1
victorious.com,blog,google-business-optimization,,,1
victorious.com,blog,google-business-profile-multiple-locations,,,1
victorious.com,blog,google-business-profile-suspended,,,1
victorious.com,blog,google-cookies-going-away,,,1
victorious.com,blog,google-maps-seo,,,1
victorious.com,blog,google-marketing-tools,,,1
victorious.com,blog,google-my-business-add-user,,,1
victorious.com,blog,google-pagespeed-insights-vs-lighthouse,,,1
victorious.com,blog,google-posts,,,1
victorious.com,blog,google-search-console-add-user,,,1
victorious.com,blog,google-search-console-structured-data,,,1
victorious.com,blog,google-search-generative-experience,,,1
victorious.com,blog,google-trends,,,1
victorious.com,blog,google-ymyl-guidelines,,,1
victorious.com,blog,guest-posting,,,1
victorious.com,blog,guide-to-canonical-tags,,,1
victorious.com,blog,guide-to-google-search-console,,,1
victorious.com,blog,guide-to-seo-evergreen-content,,,1
victorious.com,blog,h1-tag-seo-importance,,,1
victorious.com,blog,haro-link-building,,,1
victorious.com,blog,help-a-reporter-out-alternative,,,1
victorious.com,blog,heres-fresh-content-improves-page-seo,,,1
victorious.com,blog,high-converting-keywords,,,1
victorious.com,blog,high-intent-keywords,,,1
victorious.com,blog,hire-seo-company,,,1
victorious.com,blog,how-does-google-rank-websites,,,1
victorious.com,blog,how-long-does-seo-take,,,1
victorious.com,blog,how-much-does-seo-cost,,,1
victorious.com,blog,how-much-spend-seo,,,1
victorious.com,blog,how-to-add-holiday-hours-to-google-business,,,1
victorious.com,blog,how-to-change-business-address-google-maps,,,1
victorious.com,blog,how-to-check-duplicate-content,,,1
victorious.com,blog,how-to-create-robots-txt-file,,,1
victorious.com,blog,how-to-do-keyword-research,,,1
victorious.com,blog,how-to-feature-in-people-also-ask,,,1
victorious.com,blog,how-to-find-broken-links,,,1
victorious.com,blog,how-to-find-fix-keyword-cannibalization,,,1
victorious.com,blog,how-to-get-a-featured-snippet,,,1
victorious.com,blog,how-to-increase-domain-authority,,,1
victorious.com,blog,how-to-measure-engagement,,,1
victorious.com,blog,how-to-measure-seo-visibility,,,1
victorious.com,blog,how-to-promote-your-blog,,,1
victorious.com,blog,how-to-track-seo-conversions,,,1
victorious.com,blog,hreflang-tags-guide,,,1
victorious.com,blog,http-vs-https-seo,,,1
victorious.com,blog,hub-and-spoke-content-model,,,1
victorious.com,blog,in-house-seo-vs-seo-agency,,,1
victorious.com,blog,increase-conversion-rate,,,1
victorious.com,blog,increase-site-speed,,,1
victorious.com,blog,increase-website-traffic,,,1
victorious.com,blog,information-gain-in-seo,,,1
victorious.com,blog,is-google-ads-worth-it,,,1
victorious.com,blog,javascript-seo,,,1
victorious.com,blog,keyword-difficulty,,,1
victorious.com,blog,keyword-rank-change,,,1
victorious.com,blog,keyword-research-tool,,,1
victorious.com,blog,keyword-strategy,,,1
victorious.com,blog,keyword-themes,,,1
victorious.com,blog,landing-page-copy,,,1
victorious.com,blog,landing-page-seo,,,1
victorious.com,blog,lean-seo,,,1
victorious.com,blog,legal-seo,,,1
victorious.com,blog,leverage-seo,,,1
victorious.com,blog,lift-model-cro,,,1
victorious.com,blog,link-equity,,,1
victorious.com,blog,link-velocity,,,1
victorious.com,blog,local-keyword-research,,,1
victorious.com,blog,local-link-building,,,1
victorious.com,blog,local-seo,,,1
victorious.com,blog,local-seo-marijuana-dispensaries,,,1
victorious.com,blog,local-seo-tools,,,1
victorious.com,blog,long-tail-keywords,,,1
victorious.com,blog,look-seo-consultant,,,1
victorious.com,blog,lsi-keywords,,,1
victorious.com,blog,manual-action-penalty,,,1
victorious.com,blog,marketing-budget,,,1
victorious.com,blog,marketing-in-a-recession,,,1
victorious.com,blog,maximize-growth-with-seo-for-ai-companies,,,1
victorious.com,blog,measure-site-traffic,,,1
victorious.com,blog,medium-canonical,,,1
victorious.com,blog,medium-seo,,,1
victorious.com,blog,meta-keywords-seo,,,1
victorious.com,blog,meta-search-engine,,,1
victorious.com,blog,mozcon-2023,,,1
victorious.com,blog,need-a-quick-seo-win-think-long-term-for-a-better-roi,,,1
victorious.com,blog,noindex-meta-tag,,,1
victorious.com,blog,off-page-seo,,,1
victorious.com,blog,on-page-seo-basics,,,1
victorious.com,blog,optimize-existing-content,,,1
victorious.com,blog,organic-search,,,1
victorious.com,blog,orphan-pages,,,1
victorious.com,blog,outrank-competition-on-google,,,1
victorious.com,blog,pay-for-performance-seo,,,1
victorious.com,blog,position-zero,,,1
victorious.com,blog,ppc-tools,,,1
victorious.com,blog,product-page-seo,,,1
victorious.com,blog,productivity-tips-for-bloggers,,,1
victorious.com,blog,quality-backlink,,,1
victorious.com,blog,question-keywords,,,1
victorious.com,blog,real-estate-content-marketing-plan,,,1
victorious.com,blog,real-estate-seo,,,1
victorious.com,blog,redirect-chains,,,1
victorious.com,blog,referring-domains,,,1
victorious.com,blog,remove-google-business-listing,,,1
victorious.com,blog,rich-snippets,,,1
victorious.com,blog,roi-of-seo,,,1
victorious.com,blog,saas-marketing,,,1
victorious.com,blog,saas-seo,,,1
victorious.com,blog,schema-types,,,1
victorious.com,blog,semantic-seo,,,1
victorious.com,blog,seo-accessibility,,,1
victorious.com,blog,seo-agencies-vs-digital-marketing-agencies,,,1
victorious.com,blog,seo-audit,,,1
victorious.com,blog,seo-automation,,,1
victorious.com,blog,seo-best-practices-mobile-friendliness,,,1
victorious.com,blog,seo-blog,,,1
victorious.com,blog,seo-campaign,,,1
victorious.com,blog,seo-cheat-sheet,,,1
victorious.com,blog,seo-checklist,,,1
victorious.com,blog,seo-content-creation,,,1
victorious.com,blog,seo-content-marketing,,,1
victorious.com,blog,seo-content-tools,,,1
victorious.com,blog,seo-faq,,,1
victorious.com,blog,seo-for-podcasts,,,1
victorious.com,blog,seo-friendly-url,,,1
victorious.com,blog,seo-goals,,,1
victorious.com,blog,seo-internal-linking,,,1
victorious.com,blog,seo-kpis,,,1
victorious.com,blog,seo-lead-generation,,,1
victorious.com,blog,seo-link-analysis,,,1
victorious.com,blog,seo-maintenance,,,1
victorious.com,blog,seo-metrics,,,1
victorious.com,blog,seo-partner,,,1
victorious.com,blog,seo-public-relations,,,1
victorious.com,blog,seo-reputation-management,,,1
victorious.com,blog,seo-rfp,,,1
victorious.com,blog,seo-statistics,,,1
victorious.com,blog,seo-subdomain-vs-subdirectory,,,1
victorious.com,blog,seo-terms,,,1
victorious.com,blog,seo-title-tags,,,1
victorious.com,blog,seo-trends,,,1
victorious.com,blog,seo-value,,,1
victorious.com,blog,seo-vs-local-seo,,,1
victorious.com,blog,seo-vs-ppc,,,1
victorious.com,blog,serp-volatility,,,1
victorious.com,blog,sge-content-strategy,,,1
victorious.com,blog,sitemap-examples,,,1
victorious.com,blog,technical-seo,,,1
victorious.com,blog,technical-seo-metrics,,,1
victorious.com,blog,the-importance-of-meta-descriptions-and-how-to-optimize-them,,,1
victorious.com,blog,the-surprising-reason-you-need-seo-for-lead-generation,,,1
victorious.com,blog,tofu-mofu-bofu,,,1
victorious.com,blog,tools-for-website-audit,,,1
victorious.com,blog,topical-authority,,,1
victorious.com,blog,toxic-backlinks,,,1
victorious.com,blog,turning-the-seo-flywheel,,,1
victorious.com,blog,unlocking-the-power-of-keyword-mapping-a-guide-to-optimizing-your-content,,,1
victorious.com,blog,updating-your-old-content,,,1
victorious.com,blog,us-search-awards-2019,,,1
victorious.com,blog,user-generated-spam-penalty,,,1
victorious.com,blog,victorious-awarded-as-4x-market-leader-in-2020,,,1
victorious.com,blog,victorious-named-top-25-seo-agency-worldwide-clutch,,,1
victorious.com,blog,video-seo-optimization,,,1
victorious.com,blog,voice-search,,,1
victorious.com,blog,wdf-idf-analysis,,,1
victorious.com,blog,website-architecture,,,1
victorious.com,blog,website-migration,,,1
victorious.com,blog,website-qa-testing,,,1
victorious.com,blog,what-are-backlinks-and-why-are-they-important,,,1
victorious.com,blog,what-are-local-citations,,,1
victorious.com,blog,what-are-seo-services,,,1
victorious.com,blog,what-is-e-a-t,,,1
victorious.com,blog,what-is-googlebot,,,1
victorious.com,blog,what-is-index-bloat,,,1
victorious.com,blog,what-is-schema-markup,,,1
victorious.com,blog,what-is-seo,,,1
victorious.com,blog,what-is-x-default,,,1
victorious.com,blog,white-hat-link-building,,,1
victorious.com,blog,why-is-seo-important,,,1
victorious.com,blog,why-isnt-my-website-making-money,,,1
victorious.com,blog,why-link-building-is-important,,,1
victorious.com,blog,why-seos-say-no,,,1
victorious.com,blog,why-victorious,,,1
victorious.com,blog,yext-alternatives,,,1
victorious.com,blog,zero-volume-keyword-research,,,1
victorious.com,careers,,,,1
victorious.com,case-studies,,,,1
victorious.com,case-studies,ag-electric,,,1
victorious.com,case-studies,agora,,,1
victorious.com,case-studies,amerinote-xchange,,,1
victorious.com,case-studies,angellist,,,1
victorious.com,case-studies,arts-media-and-creative-services-company,,,1
victorious.com,case-studies,b2b-saas-company,,,1
victorious.com,case-studies,bissell,,,1
victorious.com,case-studies,bit-ly,,,1
victorious.com,case-studies,blink-health,,,1
victorious.com,case-studies,blomdahl-usa,,,1
victorious.com,case-studies,bmarko-structures,,,1
victorious.com,case-studies,boombox,,,1
victorious.com,case-studies,brainscape,,,1
victorious.com,case-studies,caliper-cbd,,,1
victorious.com,case-studies,cannabisrx-health,,,1
victorious.com,case-studies,carmel-partners,,,1
victorious.com,case-studies,citron-hennessey,,,1
victorious.com,case-studies,cityswoon,,,1
victorious.com,case-studies,classdojo,,,1
victorious.com,case-studies,cocusocial,,,1
victorious.com,case-studies,construction-management-platform,,,1
victorious.com,case-studies,consumer-product-co,,,1
victorious.com,case-studies,couchbase,,,1
victorious.com,case-studies,csa-transportation,,,1
victorious.com,case-studies,cunningham-legal,,,1
victorious.com,case-studies,customfresh,,,1
victorious.com,case-studies,delta-dental-insurance,,,1
victorious.com,case-studies,door,,,1
victorious.com,case-studies,eden-health,,,1
victorious.com,case-studies,enplug,,,1
victorious.com,case-studies,entouch-wireless,,,1
victorious.com,case-studies,ethnos360-bible-institute,,,1
victorious.com,case-studies,everlance,,,1
victorious.com,case-studies,exceptional-villas,,,1
victorious.com,case-studies,fastspring,,,1
victorious.com,case-studies,felix-gray,,,1
victorious.com,case-studies,flipboard,,,1
victorious.com,case-studies,foresee-medical,,,1
victorious.com,case-studies,freedommotors,,,1
victorious.com,case-studies,ge-digital,,,1
victorious.com,case-studies,gema,,,1
victorious.com,case-studies,gentry-dentistry,,,1
victorious.com,case-studies,groupon,,,1
victorious.com,case-studies,heap,,,1
victorious.com,case-studies,hospitality-company,,,1
victorious.com,case-studies,immanuel-tours,,,1
victorious.com,case-studies,it-services-co,,,1
victorious.com,case-studies,jetpack-workflow,,,1
victorious.com,case-studies,kiosk-information-systems,,,1
victorious.com,case-studies,l3funding,,,1
victorious.com,case-studies,lawyer-exchange,,,1
victorious.com,case-studies,lime,,,1
victorious.com,case-studies,love-of-parties,,,1
victorious.com,case-studies,lulu-and-georgia,,,1
victorious.com,case-studies,lychee-the-label,,,1
victorious.com,case-studies,mankind,,,1
victorious.com,case-studies,mission-farms,,,1
victorious.com,case-studies,non-profit,,,1
victorious.com,case-studies,norseman-structures,,,1
victorious.com,case-studies,oji-vape,,,1
victorious.com,case-studies,opencare,,,1
victorious.com,case-studies,packed-with-purpose,,,1
victorious.com,case-studies,pagerduty,,,1
victorious.com,case-studies,parasoft,,,1
victorious.com,case-studies,parker-clay,,,1
victorious.com,case-studies,propertyforce,,,1
victorious.com,case-studies,qipoint,,,1
victorious.com,case-studies,qualtrics,,,1
victorious.com,case-studies,rank-style,,,1
victorious.com,case-studies,revel,,,1
victorious.com,case-studies,right-there-repai,,,1
victorious.com,case-studies,ryderware,,,1
victorious.com,case-studies,saas-b2b-technology-company,,,1
victorious.com,case-studies,salesforce,,,1
victorious.com,case-studies,save-the-music-foundation,,,1
victorious.com,case-studies,servicemax,,,1
victorious.com,case-studies,sf-office-spaces,,,1
victorious.com,case-studies,simco-restaurants,,,1
victorious.com,case-studies,sisemore-law,,,1
victorious.com,case-studies,sofi,,,1
victorious.com,case-studies,sporting-goods-co,,,1
victorious.com,case-studies,spotify,,,1
victorious.com,case-studies,startex,,,1
victorious.com,case-studies,sterling,,,1
victorious.com,case-studies,stitch-labs,,,1
victorious.com,case-studies,tenstreet,,,1
victorious.com,case-studies,thorne,,,1
victorious.com,case-studies,ticketnetwork,,,1
victorious.com,case-studies,tithe-ly,,,1
victorious.com,case-studies,tivian,,,1
victorious.com,case-studies,topgolf,,,1
victorious.com,case-studies,tower-loan,,,1
victorious.com,case-studies,tupperware,,,1
victorious.com,case-studies,unionbay,,,1
victorious.com,case-studies,university-of-miami,,,1
victorious.com,case-studies,usertesting,,,1
victorious.com,case-studies,valiente-mott,,,1
victorious.com,case-studies,wayfair,,,1
victorious.com,case-studies,yahoo,,,1
victorious.com,case-studies,yoga-flow,,,1
victorious.com,case-studies,zegrahm-expeditions,,,1
victorious.com,company,,,,1
victorious.com,ebook,,,,1
victorious.com,ebook,page-speed-guide,,,1
victorious.com,learn,,,,1
victorious.com,markets,enterprise-seo,,,1
victorious.com,markets,international-seo,,,1
victorious.com,markets,local-services,,,1
victorious.com,markets,national-seo,,,1
victorious.com,markets,niche-sites,,,1
victorious.com,markets,seo-for-new-website,,,1
victorious.com,markets,seo-reseller,,,1
victorious.com,markets,small-business-seo,,,1
victorious.com,method,,,,1
victorious.com,platforms,bigcommerce-seo,,,1
victorious.com,platforms,drupal-seo,,,1
victorious.com,platforms,magento-seo,,,1
victorious.com,platforms,shopify-seo,,,1
victorious.com,platforms,woocommerce-seo,,,1
victorious.com,platforms,wordpress-seo,,,1
victorious.com,reviews,,,,1
victorious.com,seo-agency-austin,,,,1
victorious.com,seo-agency-boston,,,,1
victorious.com,seo-agency-chicago,,,,1
victorious.com,seo-agency-denver,,,,1
victorious.com,seo-agency-des-moines,,,,1
victorious.com,seo-agency-los-angeles,,,,1
victorious.com,seo-agency-new-york-city,,,,1
victorious.com,seo-agency-phoenix,,,,1
victorious.com,seo-agency-portland,,,,1
victorious.com,seo-agency-san-diego,,,,1
victorious.com,seo-agency-seattle,,,,1
victorious.com,seo-agency-washington-dc,,,,1
victorious.com,seo-company-philadelphia,,,,1
victorious.com,seo-company-san-francisco,,,,1
victorious.com,services,,,,1
victorious.com,services,seo,,,1
victorious.com,services,seo,keyword-research,,1
victorious.com,services,seo,link-building,,1
victorious.com,services,seo,off-page-seo,,1
victorious.com,services,seo,on-page-seo,,1
victorious.com,services,seo,seo-audit,,1
victorious.com,services,seo-content,,,1
victorious.com,services,web-implementation,,,1
victorious.com,site-map,,,,1
victorious.com,verticals,cannabis-seo,,,1
victorious.com,verticals,ecommerce-seo,,,1
victorious.com,verticals,fashion,,,1
victorious.com,verticals,law-firm-seo,,,1
victorious.com,verticals,luxury,,,1
victorious.com,verticals,real-estate,,,1
victorious.com,verticals,saas,,,1
victorious.com,verticals,seo-for-ai,,,1
victorious.com,verticals,seo-for-news-publishers,,,1
victorious.com,verticals,travel,,,1
victorious.com,video,,,,1
victorious.com,video,add-a-ga4-property,,,1
victorious.com,video,download-and-store-data,,,1
victorious.com,video,ga4-activate-cross-domain-tracking,,,1
victorious.com,video,ga4-link-existing-accounts,,,1
victorious.com,video,ga4-set-up-a-data-stream,,,1
victorious.com,video,google-tools-analytics-and-trends,,,1
victorious.com,video,google-tools-google-search-console,,,1
victorious.com,video,google-tools-pagespeed-insights,,,1
victorious.com,video,smx-search-first-strategy,,,1
victorious.com,video,three-ways-to-optimize-your-google-business-profile,,,1
victorious.com,who-we-serve,,,,1
